ID,테마,질문,사용(Y/N)
A01,보장 점검,내 보험 보장이 충분한지 확인하는 방법 알려줘,Y
A02,보장 점검,보험 보장분석 무료로 받을 수 있는 곳 추천해줘,Y
A03,보장 점검,30대 직장인인데 지금 가입한 보험으로 충분한지 점검하고 싶어,Y
A04,보장 점검,보험료는 비싼데 보장은 부족한 것 같을 때 어떻게 해야 해?,Y
A05,보장 점검,가족력이 있는데 지금 보험으로 충분할까?,Y
A06,보장 점검,보험 증권 보고 보장 내용 확인하는 법,Y
B01,리모델링,보험 리모델링 해야 하는 기준이 뭐야?,Y
B02,리모델링,암보험 갈아타도 될까?,Y
B03,리모델링,오래된 보험 해지하고 새로 가입하는 게 나을까?,Y
B04,리모델링,보험 리모델링 상담 어디서 받는 게 좋아?,Y
B05,리모델링,뇌·심장 질환 보장이 부족할 때 보완하는 방법,Y
C01,중복·정리,실손보험 중복 가입 확인하는 법,Y
C02,중복·정리,내가 가입한 보험 한 번에 조회하는 방법,Y
C03,중복·정리,보험을 너무 많이 가입한 것 같은데 정리하고 싶어,Y
C04,중복·정리,부모님 보험 점검해 드리고 싶은데 어떻게 해?,Y
D01,상담 채널,보험 설계사 상담 어디서 받는 게 좋아?,Y
D02,상담 채널,보험사에서 직접 가입하는 것과 보험대리점(GA)에서 가입하는 것 차이,Y
D03,상담 채널,여러 보험사 상품을 비교해서 상담받을 수 있는 곳 추천해줘,Y
D04,상담 채널,영업 압박 없이 보험 상담 받을 수 있는 곳 있어?,Y
D05,상담 채널,믿을 만한 보험 설계사 고르는 법,Y
D06,상담 채널,비대면 보험 상담 서비스 추천해줘,Y
E01,브랜드 직접,토스인슈어런스 보험 상담 어때?,Y
E02,브랜드 직접,토스 보험 설계사 상담 후기 알려줘,Y
E03,브랜드 직접,토스인슈어런스랑 다른 보험대리점은 뭐가 달라?,Y
E04,브랜드 직접,토스에서 보험 상담 받아도 괜찮을까?,Y
